Gasage (yr BP),CO2 (ppmv),sigma mean CO2 (ppmv)
-510.0,3680.0,1.0
-480.0,3618.0,4.0
-463.0,3596.0,1.0
-444.0,3571.0,2.0
-431.0,3539.0,0.0
-423.0,3537.0,2.0
-411.0,3524.0,1.0
-400.0,3508.0,2.0
-394.0,3498.0,1.0
-390.0,3493.0,1.0
-381.0,3476.0,4.0
-372.0,3454.0,0.0
-366.0,3447.0,1.0
-361.0,3440.0,1.0
-358.0,3431.0,1.0
-349.0,3421.0,5.0
-331.0,3413.0,1.0
-330.0,3395.0,3.0
-291.0,3348.0,4.0
-268.0,3355.0,6.0
-267.0,3324.0,13.0
-256.0,3324.0,0.0
-241.0,3316.0,6.0
-221.0,3284.0,6.0
-220.0,3304.0,22.0
-209.0,3263.0,13.0
-207.0,3266.0,12.0
-206.0,3249.0,2.0
-202.0,3246.0,6.0
-194.0,3247.0,6.0
-190.0,3251.0,6.0
-188.0,3241.0,6.0
-185.0,3204.0,12.0
-168.0,3205.0,12.0
-165.0,3222.0,13.0
-159.0,3210.0,17.0
-153.0,3192.0,10.0
-152.0,3199.0,6.0
-136.0,3191.0,9.0
-132.0,3191.0,6.0
-126.0,3186.0,9.0
-125.0,3174.0,6.0
-124.0,3191.0,6.0
-123.0,3175.0,6.0
-117.0,3166.0,6.0
-106.0,3182.0,17.0
-103.0,3131.0,18.0
-91.0,3120.0,18.0
-86.0,3163.0,9.0
-81.0,3161.0,17.0
-79.0,3146.0,4.0
-73.0,3153.0,12.0
-72.0,3163.0,1.0
-71.0,3144.0,8.0
-62.0,3153.0,6.0
-48.0,3147.0,22.0
-38.0,3132.0,6.0
-37.0,3128.0,6.0
-36.0,3122.0,14.0
-24.0,3122.0,4.0
-3.0,3120.0,6.0
3.0,3137.0,22.0
12.0,3097.0,4.0
23.0,3116.0,22.0
33.0,3104.0,6.0
34.0,3129.0,22.0
44.0,3126.0,22.0
44.0,3120.0,21.0
46.0,3118.0,31.0
50.0,3104.0,26.0
52.0,3113.0,4.0
55.0,3102.0,6.0
64.0,3124.0,22.0
78.0,3119.0,28.0
80.0,3128.0,26.0
82.0,3124.0,22.0
92.0,3118.0,22.0
92.0,3077.0,12.0
100.0,3098.0,6.0
104.0,3110.0,6.0
108.0,3112.0,6.0
110.0,3105.0,22.0
118.0,3085.0,6.0
119.0,3119.0,13.0
121.0,3115.0,22.0
122.0,3123.0,1.0
131.0,3074.0,12.0
141.0,3093.0,29.0
143.0,3073.0,12.0
149.0,3063.0,12.0
161.0,3096.0,6.0
164.0,3071.0,26.0
172.0,3059.0,12.0
175.0,3083.0,22.0
177.0,3083.0,6.0
192.0,3057.0,15.0
206.0,3054.0,1.0
213.0,3058.0,6.0
215.0,3057.0,9.0
218.0,3057.0,6.0
222.0,3080.0,32.0
247.0,3050.0,6.0
253.0,3047.0,17.0
272.0,3062.0,38.0
275.0,3032.0,9.0
303.0,3019.0,12.0
313.0,3046.0,22.0
321.0,3039.0,7.0
342.0,3019.0,6.0
356.0,3007.0,24.0
375.0,3013.0,6.0
387.0,2993.0,17.0
389.0,2977.0,17.0
393.0,2981.0,26.0
402.0,2979.0,12.0
415.0,3015.0,22.0
442.0,2996.0,6.0
445.0,2973.0,6.0
446.0,2990.0,6.0
461.0,2960.0,9.0
483.0,2956.0,13.0
498.0,2942.0,12.0
511.0,2970.0,22.0
513.0,2953.0,6.0
562.0,2938.0,9.0
563.0,2932.0,17.0
569.0,2953.0,6.0
571.0,2949.0,17.0
576.0,2952.0,6.0
601.0,2909.0,12.0
610.0,2923.0,7.0
626.0,2943.0,6.0
644.0,2881.0,20.0
658.0,2892.0,6.0
662.0,2898.0,9.0
671.0,2925.0,10.0
700.0,2878.0,12.0
731.0,2893.0,6.0
763.0,2916.0,22.0
772.0,2867.0,13.0
800.0,2863.0,12.0
803.0,2880.0,6.0
816.0,2895.0,17.0
823.0,2880.0,4.0
833.0,2851.0,17.0
859.0,2867.0,12.0
870.0,2854.0,9.0
882.0,2872.0,6.0
912.0,2866.0,4.0
934.0,2832.0,12.0
953.0,2856.0,6.0
963.0,2881.0,22.0
989.0,2855.0,6.0
992.0,2888.0,4.0
997.0,2840.0,12.0
1027.0,2868.0,6.0
1041.0,2836.0,13.0
1053.0,2832.0,12.0
1055.0,2835.0,12.0
1067.0,2816.0,12.0
1092.0,2837.0,6.0
1133.0,2842.0,9.0
1168.0,2838.0,9.0
1171.0,2851.0,10.0
1231.0,2859.0,6.0
1253.0,2814.0,9.0
1363.0,2844.0,9.0
1507.0,2828.0,8.0
1535.0,2804.0,17.0
1541.0,2823.0,6.0
1559.0,2816.0,9.0
1697.0,2731.0,4.0
1705.0,2802.0,6.0
1765.0,2779.0,9.0
1863.0,2764.0,9.0
1871.0,2772.0,6.0
1979.0,2780.0,6.0
1981.0,2765.0,9.0
2009.0,2776.0,6.0
2087.0,2768.0,9.0
2161.0,2783.0,9.0
2270.0,2770.0,9.0
2271.0,2783.0,13.0
2559.0,2774.0,6.0
2603.0,2763.0,9.0
2681.0,2767.0,6.0
3009.0,2780.0,6.0
3102.0,2767.0,9.0
3214.0,2738.0,4.0
3405.0,2711.0,4.0
3466.0,2751.0,6.0
3590.0,2794.0,10.0
3618.0,2811.0,9.0
3770.0,2826.0,6.0
3901.0,2818.0,9.0
4004.0,2835.0,13.0
4203.0,2839.0,6.0
4485.0,2831.0,6.0
4806.0,2803.0,13.0
5008.0,2822.0,10.0
5212.0,2797.0,4.0
5391.0,2797.0,9.0
5597.0,2809.0,6.0
6012.0,2784.0,4.0
6199.0,2841.0,6.0
6426.0,2816.0,9.0
6718.0,2784.0,4.0
6905.0,2822.0,9.0
6987.0,2824.0,6.0
7390.0,2837.0,9.0
7502.0,2845.0,6.0
7840.0,2840.0,14.0
8037.0,2845.0,13.0
8344.0,2828.0,9.0
8506.0,2831.0,6.0
8798.0,2828.0,9.0
9008.0,2810.0,6.0
9099.0,2809.0,9.0
9307.0,2801.0,6.0
9324.0,2798.0,13.0
9673.0,2787.0,14.0
9923.0,2774.0,4.0
10359.0,2801.0,22.0
10746.0,2794.0,14.0
11277.0,2786.0,14.0
11569.0,2797.0,22.0
11877.0,2793.0,22.0
12196.0,2800.0,4.0
12488.0,2771.0,4.0
12808.0,2785.0,4.0
13130.0,2796.0,4.0
13355.0,2779.0,4.0
13676.0,2762.0,4.0
13925.0,2785.0,38.0
13984.0,2766.0,4.0
14320.0,2768.0,9.0
14619.0,2771.0,4.0
15131.0,2800.0,4.0
15436.0,2791.0,4.0
15658.0,2772.0,4.0
15927.0,2778.0,4.0
16325.0,2817.0,4.0
16544.0,2809.0,4.0
16756.0,2802.0,26.0
16839.0,2783.0,6.0
17094.0,2802.0,6.0
17755.0,2776.0,4.0
17965.0,2781.0,4.0
18140.0,2781.0,10.0
18460.0,2775.0,10.0
18940.0,2774.0,10.0
19200.0,2779.0,10.0
19490.0,2767.0,10.0
19997.0,2780.0,12.0
20934.0,2769.0,7.0
22342.0,2767.0,8.0
22655.0,2767.0,8.0
24143.0,2776.0,13.0
25261.0,2779.0,5.0
26280.0,2739.0,11.0
27085.0,2789.0,6.0
28018.0,2753.0,16.0
29045.0,2747.0,12.0
29488.0,2763.0,9.0
30566.0,2746.0,8.0
32557.0,2763.0,15.0
32837.0,2731.0,11.0
34311.0,2740.0,3.0
35283.0,2750.0,6.0
36445.0,2734.0,13.0
36934.0,2730.0,8.0
38069.0,2715.0,10.0
38562.0,2754.0,5.0
39690.0,2749.0,13.0
41087.0,2717.0,10.0
42058.0,2716.0,7.0
42751.0,2728.0,8.0
43428.0,2715.0,9.0
44944.0,2711.0,8.0
45928.0,2691.0,6.0
46475.0,2698.0,10.0
47730.0,2715.0,8.0
49212.0,2707.0,5.0
49816.0,2693.0,10.0
50868.0,2686.0,11.0
52186.0,2698.0,12.0
53112.0,2676.0,6.0
53575.0,2653.0,17.0
55333.0,2652.0,8.0
55813.0,2676.0,20.0
57576.0,2659.0,9.0
58523.0,2655.0,8.0
59341.0,2607.0,16.0
59994.0,2667.0,9.0
60898.0,2655.0,8.0
63020.0,2632.0,6.0
63372.0,2627.0,9.0
64012.0,2612.0,7.0
65723.0,2611.0,4.0
66825.0,2594.0,6.0
67697.0,2621.0,9.0
68803.0,2629.0,5.0
69701.0,2581.0,14.0
70383.0,2576.0,9.0
71881.0,2623.0,9.0
72740.0,2630.0,7.0
74053.0,2607.0,6.0
74979.0,2584.0,8.0
76614.0,2601.0,6.0
77196.0,2604.0,4.0
78602.0,2597.0,9.0
79264.0,2592.0,7.0
79759.0,2608.0,14.0
81163.0,2596.0,5.0
81948.0,2593.0,9.0
83519.0,2583.0,12.0
84597.0,2613.0,9.0
85466.0,2607.0,4.0
87107.0,2618.0,10.0
87813.0,2590.0,11.0
89119.0,2609.0,7.0
89930.0,2604.0,6.0
90602.0,2593.0,10.0
91430.0,2620.0,8.0
92953.0,2637.0,12.0
93611.0,2638.0,8.0
94367.0,2652.0,9.0
95181.0,2606.0,17.0
95244.0,2609.0,6.0
95559.0,2630.0,4.0
95733.0,2638.0,12.0
99010.0,2644.0,4.0
99926.0,2642.0,9.0
101345.0,2640.0,3.0
101930.0,2634.0,1.0
102996.0,2657.0,5.0
103666.0,2649.0,4.0
105056.0,2675.0,4.0
106805.0,2669.0,6.0
108018.0,2660.0,11.0
108357.0,2651.0,16.0
109545.0,2676.0,7.0
110896.0,2648.0,6.0
111611.0,2648.0,4.0
111859.0,2650.0,8.0
112006.0,2653.0,4.0
112566.0,2644.0,15.0
113170.0,2641.0,7.0
113394.0,2648.0,17.0
113832.0,2648.0,13.0
113999.0,2682.0,25.0
114175.0,2645.0,20.0
114359.0,2701.0,21.0
114531.0,2689.0,7.0
114728.0,2691.0,25.0
114904.0,2672.0,9.0
115072.0,2677.0,12.0
115239.0,2695.0,9.0
115436.0,2669.0,7.0
115596.0,2627.0,14.0
115764.0,2671.0,5.0
115922.0,2607.0,3.0
116113.0,2613.0,15.0
116290.0,2662.0,24.0
116479.0,2571.0,13.0
116645.0,2476.0,3.0
116828.0,2546.0,9.0
117014.0,2540.0,15.0
117197.0,2560.0,13.0
117407.0,2559.0,14.0
117592.0,2587.0,15.0
117807.0,2582.0,3.0
118028.0,2585.0,18.0
118205.0,2572.0,15.0
118433.0,2543.0,13.0
118631.0,2536.0,16.0
118832.0,2516.0,6.0
119049.0,2559.0,12.0
119270.0,2586.0,53.0
119481.0,2489.0,20.0
119696.0,2540.0,13.0
119907.0,2554.0,14.0
120159.0,2479.0,15.0
120373.0,2484.0,4.0
120588.0,2531.0,7.0
120798.0,2510.0,26.0
121052.0,2557.0,20.0
121246.0,2530.0,9.0
121465.0,2511.0,14.0
121685.0,2514.0,9.0
121904.0,2510.0,7.0
122113.0,2497.0,12.0
122329.0,2492.0,16.0
122565.0,2490.0,15.0
122808.0,2494.0,13.0
123010.0,2489.0,3.0
123213.0,2507.0,14.0
123431.0,2470.0,8.0
123653.0,2443.0,12.0
123883.0,2430.0,12.0
124094.0,2464.0,15.0
124319.0,2477.0,8.0
124548.0,2458.0,6.0
124754.0,2462.0,8.0
124958.0,2444.0,12.0
125214.0,2467.0,13.0
125437.0,2499.0,17.0
125646.0,2443.0,12.0
125866.0,2470.0,3.0
126076.0,2481.0,12.0
126299.0,2469.0,5.0
126536.0,2439.0,17.0
126739.0,2425.0,10.0
126971.0,2442.0,10.0
127198.0,2416.0,11.0
127399.0,2473.0,4.0
127626.0,2400.0,11.0
127856.0,2415.0,21.0
128093.0,2422.0,19.0
128302.0,2421.0,13.0
128527.0,2393.0,13.0
128740.0,2412.0,13.0
128934.0,2394.0,8.0
129171.0,2388.0,11.0
129392.0,2382.0,28.0
129598.0,2407.0,9.0
129809.0,2371.0,8.0
130011.0,2394.0,21.0
130219.0,2347.0,2.0
130437.0,2389.0,19.0
130666.0,2379.0,22.0
130882.0,2416.0,12.0
131284.0,2348.0,1.0
131727.0,2369.0,10.0
132162.0,2394.0,7.0
132670.0,2404.0,1.0
133041.0,2369.0,3.0
134181.0,2378.0,19.0
134867.0,2403.0,14.0
135317.0,2358.0,4.0
136008.0,2439.0,1.0
136453.0,2385.0,5.0
137128.0,2416.0,12.0
137587.0,2411.0,22.0
138272.0,2391.0,1.0
138716.0,2380.0,9.0
139402.0,2406.0,6.0
140018.0,2359.0,10.0
140229.0,2379.0,11.0
140601.0,2413.0,12.0
140845.0,2329.0,15.0
141201.0,2364.0,1.0
141566.0,2392.0,4.0
141796.0,2394.0,8.0
142056.0,2384.0,19.0
142374.0,2366.0,12.0
142730.0,2402.0,13.0
142987.0,2390.0,2.0
143086.0,2358.0,11.0
143432.0,2421.0,11.0
143545.0,2384.0,5.0
143750.0,2403.0,10.0
144106.0,2425.0,14.0
144222.0,2426.0,18.0
144433.0,2409.0,3.0
144636.0,2386.0,8.0
144972.0,2421.0,22.0
145209.0,2411.0,13.0
145313.0,2432.0,8.0
145417.0,2358.0,6.0
145529.0,2417.0,4.0
145635.0,2399.0,15.0
145759.0,2398.0,17.0
145862.0,2380.0,11.0
145955.0,2353.0,6.0
146062.0,2376.0,9.0
146194.0,2380.0,8.0
146300.0,2401.0,11.0
146452.0,2381.0,6.0
146523.0,2346.0,4.0
146641.0,2334.0,3.0
146751.0,2343.0,10.0
146864.0,2375.0,3.0
146967.0,2289.0,4.0
147070.0,2282.0,8.0
147181.0,2305.0,11.0
147309.0,2345.0,12.0
147432.0,2315.0,11.0
147585.0,2279.0,7.0
147634.0,2246.0,8.0
147763.0,2274.0,11.0
147878.0,2278.0,2.0
147991.0,2285.0,10.0
148106.0,2276.0,4.0
148224.0,2265.0,7.0
148348.0,2284.0,0.0
148448.0,2279.0,4.0
148575.0,2332.0,15.0
148692.0,2322.0,6.0
148807.0,2279.0,11.0
148925.0,2306.0,12.0
149042.0,2287.0,5.0
149159.0,2284.0,5.0
149290.0,2285.0,3.0
149537.0,2289.0,12.0
149765.0,2298.0,21.0
149873.0,2277.0,12.0
150115.0,2284.0,10.0
150348.0,2254.0,8.0
150725.0,2290.0,2.0
150958.0,2345.0,0.0
151335.0,2297.0,6.0
151565.0,2288.0,9.0
151811.0,2278.0,10.0
152189.0,2302.0,3.0
152434.0,2283.0,12.0
152807.0,2258.0,9.0
153209.0,2276.0,14.0
153452.0,2289.0,10.0
153828.0,2254.0,16.0
154101.0,2247.0,8.0
154629.0,2233.0,14.0
155464.0,2235.0,3.0
156494.0,2228.0,14.0
157048.0,2222.0,6.0
157677.0,2249.0,19.0
158450.0,2224.0,4.0
159203.0,2235.0,6.0
159365.0,2238.0,6.0
159955.0,2237.0,21.0
159990.0,2244.0,2.0
160147.0,2224.0,9.0
160338.0,2245.0,14.0
160830.0,2242.0,8.0
161141.0,2224.0,13.0
161512.0,2249.0,10.0
161667.0,2262.0,1.0
161875.0,2215.0,12.0
162087.0,2273.0,12.0
162230.0,2232.0,6.0
162406.0,2205.0,11.0
162607.0,2186.0,10.0
162787.0,2142.0,6.0
162970.0,2128.0,7.0
163174.0,2146.0,6.0
163373.0,2124.0,12.0
163542.0,2148.0,12.0
163749.0,2112.0,5.0
163919.0,2095.0,8.0
164107.0,2129.0,9.0
164313.0,2118.0,18.0
164584.0,2172.0,3.0
164720.0,2139.0,11.0
165099.0,2079.0,1.0
165535.0,2087.0,5.0
165900.0,2085.0,8.0
166559.0,2132.0,8.0
167335.0,2102.0,11.0
167975.0,2055.0,10.0
168693.0,2052.0,10.0
169288.0,2029.0,7.0
169948.0,2043.0,11.0
170918.0,2021.0,11.0
171637.0,1986.0,13.0
172362.0,1983.0,8.0
172879.0,1959.0,5.0
173119.0,1947.0,3.0
173605.0,1905.0,9.0
173853.0,1930.0,4.0
174100.0,1919.0,3.0
174350.0,1908.0,5.0
174610.0,1930.0,5.0
174853.0,1915.0,5.0
175109.0,1916.0,1.0
175346.0,1924.0,6.0
175615.0,1926.0,3.0
175863.0,1970.0,9.0
176120.0,1958.0,2.0
176379.0,1932.0,12.0
176651.0,1944.0,6.0
176912.0,1915.0,13.0
177170.0,1895.0,6.0
177438.0,1904.0,2.0
177697.0,1917.0,3.0
177976.0,1873.0,7.0
178254.0,1912.0,12.0
178546.0,1895.0,7.0
178810.0,1903.0,12.0
179072.0,1917.0,3.0
179360.0,1885.0,10.0
179658.0,1887.0,1.0
179920.0,1890.0,6.0
180245.0,1878.0,11.0
180501.0,1877.0,5.0
180816.0,1886.0,5.0
181106.0,1886.0,15.0
181398.0,1849.0,2.0
181732.0,1890.0,11.0
182018.0,1856.0,10.0
182322.0,1889.0,5.0
182647.0,1885.0,12.0
182958.0,1890.0,2.0
183244.0,1871.0,8.0
183604.0,1887.0,2.0
183912.0,1882.0,12.0
184224.0,1885.0,7.0
184578.0,1874.0,11.0
184866.0,1871.0,7.0
185200.0,1877.0,1.0
185829.0,1886.0,6.0
186774.0,1939.0,5.0
187470.0,1913.0,10.0
188036.0,1930.0,11.0
188352.0,1884.0,8.0
188669.0,1885.0,5.0
189938.0,1927.0,17.0
191528.0,1911.0,11.0
192822.0,1916.0,8.0
194427.0,1915.0,13.0
195682.0,1890.0,2.0
196295.0,1914.0,6.0
197912.0,1936.0,5.0
198839.0,1961.0,4.0
200187.0,1937.0,8.0
202133.0,1905.0,12.0
204076.0,1900.0,7.0
205368.0,1939.0,7.0
206665.0,1878.0,9.0
208284.0,1927.0,11.0
209644.0,1909.0,8.0
210677.0,1884.0,9.0
212127.0,1901.0,1.0
213452.0,1872.0,12.0
215629.0,1852.0,3.0
217906.0,1880.0,2.0
219136.0,1908.0,10.0
220556.0,1874.0,16.0
222309.0,1913.0,10.0
222922.0,1872.0,5.0
223476.0,1870.0,13.0
225501.0,1847.0,2.0
226041.0,1852.0,16.0
226508.0,1885.0,2.0
227493.0,1900.0,3.0
228336.0,1861.0,1.0
229940.0,1894.0,11.0
230138.0,1905.0,6.0
231073.0,1901.0,8.0
231850.0,1886.0,9.0
232767.0,1977.0,13.0
233584.0,1935.0,17.0
234452.0,1868.0,5.0
236005.0,1880.0,4.0
238738.0,1831.0,0.0
240777.0,1847.0,6.0
242698.0,1867.0,9.0
246436.0,1806.0,27.0
251636.0,1807.0,8.0
253511.0,1827.0,1.0
255436.0,1834.0,6.0
257860.0,1865.0,6.0
260160.0,1845.0,4.0
262545.0,1846.0,5.0
263150.0,1838.0,5.0
264607.0,1860.0,8.0
265371.0,1855.0,5.0
267037.0,1854.0,3.0
268578.0,1864.0,2.0
269549.0,1881.0,8.0
270420.0,1874.0,2.0
270848.0,1863.0,1.0
271702.0,1949.0,5.0
272801.0,1901.0,5.0
274419.0,1920.0,8.0
275028.0,1912.0,19.0
275497.0,1915.0,19.0
275864.0,1920.0,4.0
276613.0,1915.0,7.0
276870.0,1927.0,1.0
277141.0,1906.0,16.0
277186.0,1893.0,3.0
278207.0,1876.0,9.0
278664.0,1906.0,5.0
278850.0,1893.0,1.0
279271.0,1890.0,4.0
279732.0,1893.0,3.0
280973.0,1900.0,6.0
282141.0,1918.0,3.0
282716.0,1916.0,3.0
283697.0,1926.0,17.0
284139.0,1892.0,2.0
284269.0,1896.0,6.0
285774.0,1931.0,1.0
286264.0,1928.0,2.0
287243.0,1938.0,2.0
288419.0,1939.0,3.0
289027.0,1927.0,5.0
289486.0,1933.0,7.0
290089.0,1929.0,5.0
291507.0,1923.0,2.0
292053.0,1881.0,0.0
292496.0,1924.0,10.0
293239.0,1910.0,9.0
293661.0,1898.0,3.0
294102.0,1892.0,7.0
296092.0,1892.0,0.0
296812.0,1898.0,2.0
297428.0,1913.0,3.0
298378.0,1910.0,2.0
299521.0,1914.0,12.0
299990.0,1916.0,2.0
301015.0,1882.0,6.0
301817.0,1885.0,6.0
302779.0,1865.0,1.0
303127.0,1860.0,6.0
304005.0,1843.0,3.0
305288.0,1829.0,4.0
307130.0,1871.0,2.0
307757.0,1903.0,7.0
311052.0,1880.0,1.0
313564.0,1885.0,8.0
315241.0,1899.0,4.0
317921.0,1937.0,12.0
318184.0,1929.0,11.0
319339.0,1925.0,1.0
320269.0,1933.0,4.0
320796.0,1939.0,11.0
321475.0,1964.0,5.0
321506.0,1969.0,13.0
323079.0,1925.0,19.0
323612.0,1952.0,3.0
324348.0,1941.0,5.0
325111.0,1946.0,4.0
325946.0,1944.0,4.0
326778.0,1951.0,3.0
327141.0,1959.0,3.0
328131.0,1993.0,26.0
328809.0,1967.0,8.0
330090.0,1963.0,5.0
331483.0,1976.0,2.0
334175.0,1969.0,5.0
334914.0,1971.0,4.0
335553.0,1978.0,3.0
337581.0,2000.0,7.0
338410.0,1956.0,7.0
338857.0,1953.0,5.0
339075.0,1945.0,7.0
339259.0,1945.0,0.0
339570.0,1965.0,4.0
339915.0,1954.0,3.0
340642.0,1959.0,10.0
341903.0,1949.0,6.0
342508.0,1958.0,8.0
343128.0,1963.0,2.0
343344.0,1962.0,3.0
345569.0,1996.0,7.0
346026.0,1995.0,6.0
346200.0,2003.0,4.0
346478.0,1989.0,10.0
347106.0,1972.0,12.0
348256.0,2028.0,0.0
348668.0,2031.0,5.0
350896.0,1988.0,6.0
351658.0,2036.0,4.0
352817.0,2054.0,1.0
353370.0,2045.0,12.0
353594.0,2036.0,9.0
353830.0,2014.0,3.0
354458.0,2003.0,8.0
354971.0,2011.0,10.0
355085.0,2020.0,9.0
355307.0,2019.0,7.0
355680.0,2018.0,10.0
356725.0,2018.0,2.0
357016.0,2005.0,6.0
358546.0,2033.0,11.0
359483.0,1988.0,4.0
360865.0,2041.0,13.0
361731.0,2018.0,2.0
362618.0,2001.0,6.0
365063.0,1990.0,10.0
365918.0,2051.0,11.0
366696.0,2038.0,2.0
367128.0,2038.0,0.0
368202.0,2028.0,12.0
369398.0,2035.0,2.0
370234.0,2064.0,11.0
371186.0,2102.0,9.0
371432.0,2073.0,2.0
372965.0,2083.0,10.0
373020.0,2097.0,6.0
373381.0,2066.0,1.0
374310.0,2125.0,15.0
374613.0,2098.0,5.0
376186.0,2143.0,4.0
376475.0,2121.0,7.0
377772.0,2121.0,16.0
378950.0,2142.0,11.0
380003.0,2112.0,7.0
380885.0,2144.0,15.0
381656.0,2083.0,6.0
381924.0,2065.0,5.0
382842.0,2074.0,2.0
383592.0,2080.0,7.0
384128.0,2108.0,6.0
384729.0,2072.0,0.0
385332.0,2101.0,4.0
385736.0,2082.0,20.0
386218.0,2048.0,5.0
386708.0,2045.0,7.0
387234.0,2065.0,3.0
388126.0,2061.0,3.0
388747.0,2057.0,0.0
389556.0,2060.0,13.0
389768.0,2023.0,14.0
390536.0,2043.0,7.0
391205.0,2073.0,2.0
392657.0,2087.0,17.0
393032.0,2095.0,5.0
393199.0,2093.0,5.0
393398.0,2079.0,8.0
393794.0,2048.0,11.0
394029.0,1915.0,9.0
394544.0,1981.0,10.0
395154.0,2004.0,14.0
396210.0,1957.0,21.0
397092.0,1967.0,11.0
397571.0,1936.0,12.0
398850.0,1939.0,2.0
399005.0,1976.0,7.0
400427.0,1926.0,22.0
401121.0,1931.0,4.0
401453.0,1937.0,4.0
403084.0,1979.0,14.0
404859.0,2013.0,14.0
405534.0,2015.0,11.0
407543.0,2005.0,7.0
409074.0,2010.0,19.0
411679.0,2015.0,19.0
413036.0,2042.0,15.0
416060.0,2055.0,10.0
417592.0,2011.0,10.0
419007.0,1999.0,14.0
423158.0,2009.0,12.0
426283.0,2048.0,2.0
428499.0,2064.0,11.0
429681.0,2043.0,8.0
431719.0,2032.0,14.0
433507.0,2017.0,18.0
435158.0,2042.0,9.0
436612.0,2032.0,11.0
438090.0,2017.0,11.0
440952.0,2043.0,9.0
442044.0,2020.0,5.0
443505.0,2062.0,19.0
444905.0,2048.0,13.0
446555.0,2123.0,8.0
448160.0,2104.0,6.0
449962.0,2115.0,3.0
451420.0,2080.0,7.0
452804.0,2139.0,8.0
454603.0,2145.0,8.0
456961.0,2175.0,22.0
458771.0,2227.0,3.0
460573.0,2218.0,17.0
461813.0,2192.0,12.0
463085.0,2183.0,15.0
466359.0,2164.0,14.0
467464.0,2142.0,10.0
468879.0,2108.0,15.0
470863.0,2103.0,5.0
473150.0,2076.0,12.0
475244.0,2043.0,10.0
477104.0,2038.0,4.0
479438.0,2057.0,10.0
482232.0,2062.0,20.0
484279.0,2010.0,6.0
489880.0,2016.0,9.0
493030.0,2001.0,4.0
494627.0,2041.0,12.0
497283.0,2039.0,13.0
500065.0,2044.0,16.0
502205.0,2067.0,5.0
505274.0,2074.0,5.0
510292.0,2076.0,9.0
514314.0,2116.0,4.0
517795.0,2151.0,18.0
520868.0,2138.0,7.0
523848.0,2191.0,3.0
525737.0,2207.0,4.0
528007.0,2211.0,11.0
531083.0,2237.0,17.0
534005.0,2233.0,9.0
538063.0,2211.0,15.0
541566.0,2204.0,9.0
543871.0,2180.0,18.0
546946.0,2139.0,11.0
550145.0,2169.0,6.0
552935.0,2082.0,7.0
555531.0,2148.0,5.0
559095.0,2103.0,12.0
562371.0,2077.0,8.0
565036.0,2124.0,7.0
572109.0,2157.0,6.0
574763.0,2174.0,25.0
578437.0,2237.0,5.0
582170.0,2244.0,8.0
584333.0,2231.0,12.0
591051.0,2313.0,1.0
593804.0,2264.0,14.0
597335.0,2235.0,7.0
601099.0,2167.0,8.0
603731.0,2129.0,7.0
605166.0,2173.0,6.0
608176.0,2138.0,14.0
610609.0,2080.0,13.0
612348.0,2106.0,10.0
615541.0,2109.0,7.0
619007.0,2064.0,12.0
625520.0,2026.0,9.0
627746.0,2027.0,23.0
629609.0,2001.0,6.0
635558.0,1974.0,12.0
638969.0,1972.0,8.0
641138.0,1997.0,13.0
646573.0,2037.0,5.0
648674.0,2017.0,12.0
650467.0,1992.0,7.0
655464.0,2090.0,33.0
657645.0,1982.0,7.0
659372.0,2006.0,15.0
664393.0,2044.0,29.0
669597.0,2072.0,17.0
673146.0,2011.0,20.0
677297.0,2038.0,11.0
681462.0,2002.0,16.0
686200.0,2034.0,6.0
690815.0,2054.0,9.0
695920.0,2113.0,11.0
700522.0,2156.0,18.0
704273.0,2203.0,5.0
709289.0,2252.0,14.0
712792.0,2350.0,12.0
716937.0,2376.0,8.0
720928.0,2395.0,9.0
724902.0,2328.0,9.0
728660.0,2323.0,10.0
732193.0,2309.0,21.0
737510.0,2327.0,9.0
742215.0,2313.0,7.0
745256.0,2412.0,10.0
750680.0,2433.0,16.0
755451.0,2495.0,7.0
758507.0,2499.0,6.0
762475.0,2393.0,11.0
766967.0,2380.0,20.0
770565.0,2317.0,15.0
776159.0,2249.0,13.0
780808.0,2266.0,8.0
785080.0,2241.0,6.0
789695.0,2273.0,6.0
794104.0,2293.0,13.0
798778.0,2347.0,7.0
803304.0,2306.0,6.0
807218.0,2339.0,15.0
812069.0,2303.0,8.0
817114.0,2341.0,12.0
820688.0,2389.0,9.0
825267.0,2409.0,16.0
829883.0,2463.0,7.0
835541.0,2471.0,10.0
839409.0,2508.0,8.0
843574.0,2432.0,8.0
849368.0,2384.0,11.0
853675.0,2347.0,6.0
858907.0,2288.0,16.0
864983.0,2234.0,7.0
870276.0,2211.0,23.0
875812.0,2236.0,9.0
881362.0,2178.0,16.0
887011.0,2240.0,5.0
892447.0,2274.0,11.0
896963.0,2289.0,6.0
903173.0,2297.0,13.0
908340.0,2316.0,6.0
914450.0,2311.0,6.0
919497.0,2337.0,11.0
926678.0,2325.0,22.0
934247.0,2352.0,8.0
938232.0,2382.0,8.0
945685.0,2424.0,5.0
952341.0,2429.0,11.0
959215.0,2462.0,15.0
964749.0,2458.0,6.0
972709.0,2424.0,20.0
979275.0,2399.0,4.0
985837.0,2432.0,2.0
993614.0,2430.0,10.0
1000769.0,2456.0,11.0
1005432.0,2479.0,11.0
1013257.0,2448.0,11.0
1019719.0,2401.0,9.0
1027648.0,2371.0,18.0
1033087.0,2407.0,9.0
1042743.0,2478.0,8.0
1043312.0,2389.0,16.0
1049664.0,2424.0,27.0
1055071.0,2488.0,100.0
1059899.0,2576.0,42.0
1062564.0,2414.0,27.0
1063683.0,2448.0,31.0
1069748.0,2403.0,27.0
1084019.0,2364.0,27.0
1091294.0,2444.0,16.0
1098400.0,2441.0,27.0
1105554.0,2467.0,27.0
1118768.0,2579.0,29.0
1126361.0,2568.0,27.0
1129417.0,2631.0,27.0
1131193.0,2648.0,36.0
1136786.0,2606.0,27.0
1142500.0,2679.0,27.0
1148154.0,2751.0,27.0
1154467.0,2770.0,16.0
1159086.0,2732.0,27.0
1164756.0,2736.0,27.0
1171856.0,2740.0,27.0
1176194.0,2750.0,40.0
1186583.0,2777.0,27.0
1192425.0,2677.0,27.0
1197155.0,2746.0,13.0
1201441.0,2687.0,27.0
1205429.0,2768.0,27.0
1214260.0,2795.0,23.0
1218420.0,2766.0,27.0
1221000.0,2783.0,34.0
1222924.0,2790.0,27.0
1230140.0,2792.0,27.0
1236309.0,2746.0,66.0
1239595.0,2759.0,27.0
1244045.0,2815.0,27.0
1248175.0,2755.0,27.0
1252926.0,2768.0,28.0
1260137.0,2752.0,27.0
1266999.0,2730.0,27.0
1269620.0,2749.0,27.0
1273138.0,2758.0,27.0
1275036.0,2769.0,38.0
1280245.0,2760.0,3.0
1281727.0,2807.0,27.0
1284667.0,2858.0,27.0
1288780.0,2711.0,27.0
1290780.0,2684.0,19.0
1296556.0,2606.0,35.0
1303730.0,2518.0,27.0
1308184.0,2508.0,27.0
1313222.0,2411.0,19.0
1319762.0,2323.0,27.0
1327099.0,2280.0,27.0
1329320.0,2246.0,27.0
1337758.0,2227.0,27.0
1345223.0,2124.0,27.0
1365655.0,2037.0,8.0
1377634.0,1992.0,27.0
1388343.0,1986.0,11.0
1399500.0,1928.0,2.0
1423606.0,1965.0,10.0
1436513.0,1946.0,27.0
1447996.0,1960.0,27.0
1461082.0,1936.0,6.0
1482335.0,1958.0,41.0
1494661.0,2018.0,27.0
1505949.0,2025.0,27.0
1514449.0,2024.0,19.0
1537747.0,1988.0,17.0
1548891.0,1963.0,27.0
1563068.0,1894.0,27.0
1586660.0,1890.0,30.0
1597160.0,1855.0,30.0
1601550.0,1875.0,30.0
1638580.0,2043.0,30.0
1643347.0,1965.0,30.0
1661430.0,1916.0,30.0
1667840.0,1901.0,30.0
1679141.0,1867.0,30.0
1687455.0,1838.0,30.0
1695144.0,1966.0,30.0
1719390.0,1978.0,30.0
1744420.0,1977.0,30.0
1758334.0,1960.0,30.0
1768530.0,1903.0,30.0
1775339.0,1894.0,30.0
1777295.0,1901.0,30.0
1798730.0,2077.0,30.0
1813020.0,2132.0,30.0
1821960.0,2177.0,30.0
1832580.0,1981.0,30.0
1843710.0,1997.0,30.0
1864110.0,2034.0,30.0
1884370.0,2107.0,30.0
1898065.0,2313.0,30.0
1912545.0,2314.0,30.0
1919641.0,2203.0,30.0
1930745.0,2180.0,30.0
1951265.0,2265.0,30.0
1957995.0,2200.0,30.0
1975874.0,2264.0,30.0
1983275.0,2412.0,30.0
1989380.0,2426.0,30.0
2017520.0,2509.0,30.0
2027445.0,2391.0,30.0
2038420.0,2476.0,30.0
2052033.0,2444.0,30.0
2055758.0,2319.0,30.0
2059446.0,2322.0,30.0
2063599.0,2286.0,30.0
2068969.0,2263.0,30.0
2072403.0,2294.0,30.0
2076229.0,2314.0,30.0
2081088.0,2381.0,30.0
2082745.0,2372.0,30.0
2088216.0,2300.0,30.0
2090823.0,2405.0,30.0
2094450.0,2422.0,30.0
2099661.0,2446.0,30.0
2101752.0,2439.0,30.0
2108321.0,2472.0,30.0
2110585.0,2520.0,30.0
2115778.0,2469.0,30.0
2120787.0,2395.0,30.0
2125331.0,2574.0,30.0
2133304.0,2434.0,30.0
2141588.0,2512.0,30.0
2150807.0,2414.0,30.0
2159123.0,2403.0,30.0
2163062.0,2426.0,30.0
2168650.0,2475.0,30.0
2174156.0,2517.0,30.0
2176950.0,2511.0,30.0
2182008.0,2453.0,30.0
2190676.0,2405.0,30.0
2209356.0,2141.0,30.0
2216975.0,2161.0,30.0
2225396.0,2071.0,30.0
2231290.0,2088.0,30.0
2242715.0,2056.0,30.0
2262598.0,2033.0,30.0
2268498.0,2157.0,30.0
2277200.0,2355.0,30.0
2284394.0,2345.0,30.0
2287670.0,2331.0,30.0
2295720.0,2245.0,30.0
2311297.0,2324.0,30.0
2321918.0,2339.0,30.0
2328561.0,2416.0,30.0
2359909.0,2452.0,30.0
2364260.0,2521.0,30.0
2368508.0,2414.0,30.0
2373917.0,2474.0,30.0
2379055.0,2431.0,30.0
2384253.0,2391.0,30.0
2390083.0,2456.0,30.0
2393870.0,2458.0,30.0
2397387.0,2474.0,30.0
2401904.0,2528.0,30.0
2413330.0,2597.0,30.0
2418554.0,2632.0,30.0
2426855.0,2790.0,30.0
2431385.0,2802.0,30.0
2441218.0,2637.0,30.0
2445823.0,2523.0,30.0
2450570.0,2499.0,30.0
2455640.0,2367.0,30.0
2461888.0,2304.0,30.0
2468705.0,2194.0,30.0
2490999.0,2147.0,30.0
2513906.0,2002.0,30.0
2521323.0,2139.0,30.0
2529537.0,1954.0,30.0
2537567.0,1967.0,30.0
2545871.0,1954.0,30.0
2562987.0,1990.0,30.0
2570606.0,2019.0,30.0
2579081.0,2040.0,30.0
2593969.0,2039.0,30.0
2608942.0,2096.0,30.0
2612939.0,2057.0,30.0
2620546.0,2089.0,30.0
2628171.0,2146.0,30.0
2645838.0,2281.0,30.0
2661345.0,1999.0,30.0
2670070.0,2117.0,30.0
2682578.0,1887.0,30.0
2689955.0,1872.0,30.0
2699405.0,1942.0,30.0
2710360.0,1988.0,30.0
2721496.0,1847.0,30.0
2731658.0,1904.0,30.0
2741641.0,1939.0,30.0
2751546.0,1941.0,30.0
2762577.0,1984.0,30.0
2774430.0,1932.0,30.0
2785909.0,2022.0,30.0
2796190.0,2045.0,30.0
2805590.0,2110.0,30.0
2814007.0,2153.0,30.0
2825929.0,2237.0,30.0
2844347.0,2313.0,30.0
2859313.0,2280.0,30.0
2866100.0,2264.0,30.0
2874439.0,2314.0,30.0
2878201.0,2304.0,30.0
2882864.0,2310.0,30.0
2901845.0,2349.0,30.0
2908638.0,2204.0,30.0
2915629.0,2171.0,30.0
2928183.0,2076.0,30.0
2936507.0,2060.0,30.0
2944553.0,2067.0,30.0
2953642.0,2127.0,30.0
2968289.0,2131.0,30.0
2987046.0,2171.0,30.0
2993763.0,2244.0,30.0
3001159.0,2310.0,30.0
3010256.0,2361.0,30.0
3020842.0,2390.0,30.0
3031160.0,2360.0,30.0
3041009.0,2402.0,30.0
3050998.0,2407.0,30.0
3057782.0,2502.0,30.0
3065811.0,2486.0,30.0
3074633.0,2448.0,30.0
3083257.0,2258.0,30.0
3094237.0,2278.0,30.0
3100110.0,2262.0,30.0
3107761.0,2332.0,30.0
3116700.0,2378.0,30.0
3125934.0,2390.0,30.0
3133431.0,2419.0,30.0
3140519.0,2516.0,30.0
3148362.0,2567.0,30.0
3156575.0,2571.0,30.0
3164507.0,2468.0,30.0
3171499.0,2726.0,30.0
3179325.0,2516.0,30.0
3188526.0,2452.0,30.0
3198297.0,2334.0,30.0
3209163.0,2558.0,30.0
3218174.0,2492.0,30.0
3233833.0,2572.0,30.0
3241669.0,2604.0,30.0
3250074.0,2603.0,30.0
3258230.0,2605.0,30.0
3265911.0,2662.0,30.0
3274358.0,2640.0,30.0
3280868.0,2661.0,30.0
3287708.0,2701.0,30.0
3294143.0,2719.0,30.0
3300533.0,2751.0,30.0
3312936.0,2650.0,30.0
3321441.0,2717.0,30.0
3327986.0,2726.0,30.0
3335001.0,2731.0,30.0
3339976.0,2824.0,30.0
3343495.0,2891.0,30.0
3345439.0,2884.0,30.0
3351023.0,2986.0,30.0
3357075.0,2781.0,30.0
3363775.0,2858.0,30.0
3368678.0,2786.0,30.0
3375167.0,2705.0,30.0
3382135.0,2557.0,30.0
3389914.0,2419.0,30.0
3399839.0,2396.0,30.0
3407351.0,2342.0,30.0
3427916.0,2501.0,30.0
3439236.0,2007.0,30.0
3450009.0,2052.0,30.0
3463209.0,2048.0,30.0
3475448.0,2119.0,30.0
3491391.0,2203.0,30.0
3516763.0,2211.0,30.0
3531746.0,2162.0,30.0
3544130.0,2094.0,30.0
3558178.0,2092.0,30.0
3590104.0,1930.0,30.0
3606838.0,1861.0,30.0
3625676.0,1858.0,30.0
3651902.0,2012.0,30.0
3680659.0,2063.0,30.0
3713859.0,2019.0,30.0
3734576.0,1999.0,30.0
3752046.0,2147.0,30.0
3770349.0,2246.0,30.0
3787602.0,2296.0,30.0
3829315.0,2270.0,30.0
3845574.0,2400.0,30.0
3862837.0,2391.0,30.0
3878248.0,2468.0,30.0
3894102.0,2458.0,30.0
3922873.0,2581.0,30.0
3929772.0,2595.0,30.0
3940037.0,2736.0,30.0
3949061.0,2607.0,30.0
3982751.0,2763.0,30.0
3999262.0,2771.0,30.0
4007101.0,2832.0,30.0
4021409.0,2831.0,30.0
4028598.0,2757.0,30.0
4043133.0,2765.0,30.0
4050626.0,2805.0,30.0
4065428.0,2796.0,30.0
4072825.0,2856.0,30.0
4088187.0,2845.0,30.0
4095982.0,2747.0,30.0
4104538.0,2826.0,30.0
4113480.0,2835.0,30.0
4132587.0,2749.0,30.0
4142109.0,2649.0,30.0
4151796.0,2716.0,30.0
4159456.0,2764.0,16.0
4164253.0,2717.0,12.0
4174404.0,2734.0,15.0
4179568.0,2718.0,17.0
4185053.0,2746.0,18.0
4195758.0,2737.0,8.0
4201338.0,2712.0,15.0
4207018.0,2738.0,16.0
4219121.0,2686.0,14.0
4225327.0,2664.0,18.0
4232255.0,2706.0,11.0
4245077.0,2677.0,29.0
4251323.0,2683.0,19.0
4257409.0,2708.0,11.0
4262373.0,2700.0,25.0
4266216.0,2654.0,20.0
4271550.0,2553.0,13.0
4279414.0,2521.0,7.0
4288402.0,2482.0,9.0
4291784.0,2425.0,15.0
4310238.0,2197.0,17.0
4321793.0,2272.0,22.0
4338503.0,2115.0,17.0
4343791.0,2076.0,13.0
4359397.0,2098.0,16.0
4374854.0,2075.0,13.0
4390634.0,2003.0,16.0
4406596.0,2017.0,16.0
4422308.0,2013.0,11.0
4438446.0,2020.0,15.0
4453317.0,1991.0,11.0
4472192.0,2011.0,9.0
4484592.0,2035.0,6.0
4495710.0,2081.0,18.0
4506429.0,2017.0,17.0
4517473.0,2012.0,21.0
4527358.0,2049.0,14.0
4537756.0,2019.0,18.0
4548643.0,1984.0,13.0
4560016.0,1933.0,16.0
4571144.0,1925.0,10.0
4577451.0,1991.0,6.0
4582083.0,2043.0,10.0
4587940.0,2033.0,10.0
4592116.0,2083.0,14.0
4602522.0,2024.0,13.0
4612861.0,1955.0,8.0
4624141.0,1907.0,19.0
4635266.0,1944.0,7.0
4645995.0,1999.0,26.0
4652654.0,2052.0,9.0
4656017.0,2100.0,7.0
4666323.0,2081.0,22.0
4677066.0,2044.0,19.0
4688777.0,2034.0,12.0
4700401.0,2055.0,9.0
4707260.0,2065.0,9.0
4712008.0,2155.0,23.0
4718245.0,2187.0,9.0
4722631.0,2292.0,14.0
4728633.0,2327.0,7.0
4732178.0,2437.0,18.0
4738008.0,2439.0,11.0
4740924.0,2456.0,9.0
4749741.0,2412.0,17.0
4759252.0,2331.0,6.0
4769498.0,2328.0,11.0
4779410.0,2366.0,10.0
4788925.0,2391.0,9.0
4794030.0,2365.0,12.0
4797757.0,2313.0,10.0
4803283.0,2208.0,7.0
4807267.0,2188.0,23.0
4816630.0,2238.0,14.0
4825810.0,2234.0,17.0
4833954.0,2273.0,13.0
4841798.0,2314.0,11.0
4849362.0,2314.0,13.0
4856675.0,2312.0,12.0
4863987.0,2330.0,14.0
4871293.0,2329.0,12.0
4878481.0,2313.0,12.0
4885655.0,2371.0,18.0
4893021.0,2420.0,2.0
4897198.0,2409.0,4.0
4900263.0,2528.0,25.0
4904949.0,2493.0,27.0
4907340.0,2426.0,6.0
4914511.0,2433.0,13.0
4921545.0,2467.0,16.0
4928638.0,2437.0,14.0
4935931.0,2397.0,19.0
4943004.0,2391.0,12.0
4950241.0,2383.0,20.0
4957257.0,2385.0,14.0
4964441.0,2376.0,16.0
4971876.0,2364.0,21.0
4979660.0,2365.0,17.0
4987374.0,2328.0,8.0
4995268.0,2306.0,5.0
5003048.0,2308.0,10.0
5010840.0,2282.0,17.0
5018614.0,2308.0,14.0
5026376.0,2312.0,8.0
5034189.0,2320.0,16.0
5041772.0,2322.0,14.0
5049118.0,2341.0,8.0
5056842.0,2339.0,11.0
5064837.0,2355.0,18.0
5073124.0,2360.0,21.0
5081177.0,2382.0,9.0
5089410.0,2370.0,8.0
5097850.0,2403.0,7.0
5106523.0,2334.0,10.0
5115124.0,2364.0,14.0
5123638.0,2352.0,5.0
5132047.0,2420.0,8.0
5140331.0,2382.0,10.0
5148478.0,2392.0,12.0
5156508.0,2415.0,13.0
5164210.0,2430.0,5.0
5171550.0,2472.0,22.0
5178760.0,2462.0,26.0
5186005.0,2455.0,11.0
5193291.0,2453.0,13.0
5200734.0,2477.0,14.0
5208218.0,2455.0,8.0
5215745.0,2435.0,7.0
5238018.0,2419.0,14.0
5245709.0,2368.0,8.0
5253370.0,2358.0,12.0
5261070.0,2337.0,7.0
5268958.0,2303.0,8.0
5276987.0,2278.0,6.0
5285167.0,2247.0,19.0
5294034.0,2227.0,10.0
5302905.0,2212.0,12.0
5312014.0,2203.0,5.0
5320788.0,2207.0,9.0
5325925.0,2145.0,5.0
5329876.0,2114.0,22.0
5335544.0,2044.0,6.0
5339322.0,2000.0,8.0
5346682.0,1951.0,7.0
5350436.0,1938.0,8.0
5356951.0,1905.0,17.0
5361785.0,1998.0,12.0
5373345.0,1994.0,8.0
5384408.0,2050.0,9.0
5395138.0,2064.0,7.0
5405838.0,2129.0,13.0
5416538.0,2112.0,7.0
5427402.0,2050.0,8.0
5438449.0,2036.0,12.0
5448860.0,2081.0,8.0
5458649.0,2103.0,16.0
5468301.0,2096.0,16.0
5478067.0,2097.0,8.0
5487708.0,2046.0,19.0
5497201.0,2025.0,16.0
5502307.0,2088.0,7.0
5505825.0,2136.0,9.0
5513811.0,2152.0,5.0
5521111.0,2199.0,5.0
5526816.0,2217.0,14.0
5530209.0,2223.0,9.0
5532460.0,2263.0,9.0
5536194.0,2221.0,11.0
5538087.0,2203.0,3.0
5544796.0,2236.0,11.0
5551583.0,2243.0,22.0
5558423.0,2267.0,12.0
5564070.0,2339.0,15.0
5569233.0,2410.0,14.0
5571987.0,2430.0,8.0
5573851.0,2491.0,21.0
5576571.0,2440.0,15.0
5578382.0,2505.0,8.0
5581546.0,2456.0,13.0
5583060.0,2404.0,9.0
5587777.0,2381.0,12.0
5593160.0,2345.0,10.0
5596368.0,2297.0,4.0
5598726.0,2302.0,7.0
5604366.0,2303.0,15.0
5609656.0,2283.0,9.0
5614507.0,2316.0,12.0
5618881.0,2319.0,12.0
5623105.0,2346.0,15.0
5626556.0,2341.0,9.0
5631349.0,2401.0,21.0
5635357.0,2423.0,5.0
5639279.0,2457.0,18.0
5643106.0,2458.0,5.0
5647244.0,2476.0,15.0
5651343.0,2514.0,17.0
5655390.0,2524.0,17.0
5658956.0,2526.0,10.0
5662453.0,2514.0,7.0
5665886.0,2537.0,8.0
5669184.0,2543.0,16.0
5672395.0,2539.0,7.0
5675487.0,2545.0,16.0
5678849.0,2532.0,9.0
5682041.0,2539.0,12.0
5685342.0,2528.0,11.0
5689301.0,2530.0,6.0
5693146.0,2502.0,4.0
5696839.0,2513.0,13.0
5700672.0,2500.0,13.0
5704635.0,2513.0,13.0
5708621.0,2518.0,12.0
5712614.0,2518.0,13.0
5716334.0,2496.0,5.0
5719747.0,2516.0,17.0
5723155.0,2503.0,10.0
5726699.0,2463.0,11.0
5730535.0,2477.0,7.0
5734758.0,2492.0,11.0
5739130.0,2487.0,4.0
5743647.0,2518.0,18.0
5748060.0,2519.0,7.0
5752340.0,2521.0,13.0
5756545.0,2489.0,10.0
5761129.0,2525.0,5.0
5765991.0,2529.0,11.0
5771151.0,2513.0,11.0
5776539.0,2513.0,11.0
5781964.0,2511.0,6.0
5787424.0,2491.0,5.0
5792806.0,2529.0,11.0
5798331.0,2515.0,18.0
5802105.0,2441.0,17.0
5804018.0,2438.0,9.0
5808140.0,2362.0,3.0
5811187.0,2303.0,6.0
5815465.0,2252.0,16.0
5819283.0,2194.0,8.0
5824545.0,2154.0,11.0
5828363.0,2099.0,12.0
5835743.0,2067.0,5.0
5839588.0,2106.0,6.0
5867208.0,2240.0,9.0
5871719.0,2260.0,14.0
5878887.0,2344.0,5.0
5882794.0,2388.0,10.0
5889409.0,2463.0,18.0
5894254.0,2502.0,4.0
5900401.0,2481.0,6.0
5904888.0,2436.0,8.0
5910195.0,2374.0,8.0
5923835.0,2257.0,11.0
5927855.0,2294.0,13.0
5935612.0,2332.0,3.0
5940468.0,2381.0,9.0
5948638.0,2380.0,11.0
5954365.0,2329.0,6.0
5962216.0,2212.0,18.0
5967911.0,2164.0,9.0
5978036.0,2163.0,15.0
5983298.0,2190.0,10.0
5992182.0,2260.0,11.0
5998146.0,2294.0,14.0
6012552.0,2325.0,13.0
6026008.0,2379.0,8.0
6039492.0,2391.0,11.0
6053032.0,2445.0,7.0
6066259.0,2485.0,17.0
6079793.0,2546.0,12.0
6092473.0,2592.0,18.0
6104295.0,2577.0,5.0
6115510.0,2578.0,21.0
6116006.0,2597.0,12.0
6127620.0,2581.0,14.0
6139428.0,2562.0,4.0
6151406.0,2527.0,11.0
6162991.0,2529.0,6.0
6163566.0,2527.0,9.0
6176096.0,2526.0,11.0
6189538.0,2483.0,10.0
6202838.0,2459.0,3.0
6216515.0,2435.0,8.0
6229507.0,2439.0,28.0
6230550.0,2392.0,8.0
6244970.0,2379.0,10.0
6253979.0,2350.0,3.0
6260475.0,2285.0,9.0
6269694.0,2157.0,5.0
6278301.0,2058.0,9.0
6291396.0,1995.0,8.0
6297699.0,2053.0,9.0
6298661.0,2008.0,5.0
6315263.0,2005.0,18.0
6323569.0,1965.0,15.0
6340775.0,1931.0,16.0
6348811.0,1960.0,15.0
6350090.0,1949.0,18.0
6365216.0,1940.0,7.0
6377144.0,1953.0,19.0
6394183.0,1888.0,10.0
6403723.0,1902.0,5.0
6420746.0,1914.0,10.0
6428567.0,1916.0,11.0
6443008.0,1953.0,13.0
6451507.0,1958.0,10.0
6463769.0,1899.0,20.0
6472549.0,1918.0,10.0
6486124.0,1935.0,7.0
6491911.0,1962.0,4.0
6503485.0,1893.0,12.0
6509471.0,1934.0,7.0
6521043.0,1873.0,5.0
6527090.0,1868.0,10.0
6537303.0,1929.0,18.0
6544387.0,1948.0,10.0
6555244.0,2000.0,5.0
6561327.0,2004.0,7.0
6571811.0,1929.0,7.0
6576542.0,1892.0,18.0
6577220.0,1909.0,9.0
6587641.0,1841.0,3.0
6592938.0,1874.0,11.0
6594119.0,1857.0,4.0
6604636.0,1884.0,10.0
6611183.0,1940.0,10.0
6612159.0,1916.0,8.0
6622822.0,1897.0,15.0
6627966.0,1939.0,21.0
6628776.0,1909.0,10.0
6639375.0,1910.0,12.0
6643204.0,1926.0,13.0
6644081.0,1878.0,8.0
6653219.0,1802.0,11.0
6658365.0,1805.0,11.0
6667534.0,1748.0,10.0
6674099.0,1737.0,14.0
6684153.0,1777.0,7.0
6689155.0,1807.0,7.0
6698193.0,1877.0,2.0
6702963.0,1915.0,9.0
6710707.0,1949.0,10.0
6714579.0,1968.0,7.0
6721509.0,1948.0,6.0
6727614.0,1971.0,10.0
6736961.0,2011.0,10.0
6742294.0,2047.0,7.0
6750284.0,2117.0,6.0
6754065.0,2161.0,8.0
6765307.0,2226.0,8.0
6771523.0,2200.0,6.0
6776007.0,2166.0,9.0
6783282.0,2182.0,14.0
6787416.0,2201.0,15.0
6794554.0,2292.0,8.0
6797352.0,2327.0,9.0
6803126.0,2336.0,6.0
6806276.0,2331.0,12.0
6812257.0,2258.0,12.0
6816699.0,2279.0,13.0
6823437.0,2213.0,9.0
6827401.0,2191.0,10.0
6834579.0,2202.0,17.0
6838288.0,2227.0,6.0
6844237.0,2256.0,17.0
6847581.0,2244.0,13.0
6852948.0,2218.0,8.0
6856799.0,2206.0,7.0
6862691.0,2206.0,14.0
6865818.0,2226.0,10.0
6871540.0,2227.0,11.0
6874455.0,2230.0,12.0
6880004.0,2267.0,10.0
6883001.0,2277.0,13.0
6888099.0,2276.0,11.0
6891578.0,2307.0,17.0
6896933.0,2321.0,13.0
6899515.0,2323.0,15.0
6904747.0,2358.0,10.0
6907364.0,2365.0,5.0
6912218.0,2393.0,11.0
6914677.0,2384.0,12.0
6919680.0,2394.0,20.0
6923183.0,2436.0,6.0
6928325.0,2393.0,13.0
6930771.0,2385.0,21.0
6935740.0,2437.0,21.0
6938213.0,2378.0,8.0
6942803.0,2393.0,10.0
6945368.0,2405.0,7.0
6949491.0,2393.0,9.0
6952593.0,2398.0,14.0
6957323.0,2368.0,6.0
6959819.0,2387.0,15.0
6964349.0,2381.0,15.0
6966448.0,2381.0,13.0
6970903.0,2394.0,10.0
6973425.0,2384.0,11.0
6977467.0,2399.0,13.0
6980390.0,2410.0,8.0
6985055.0,2409.0,19.0
6987532.0,2418.0,7.0
6992158.0,2389.0,10.0
6994390.0,2390.0,7.0
6998647.0,2397.0,8.0
7001037.0,2372.0,6.0
7004850.0,2367.0,7.0
7008148.0,2366.0,5.0
7012685.0,2354.0,10.0
7015245.0,2325.0,5.0
7019931.0,2309.0,10.0
7022009.0,2322.0,8.0
7027343.0,2322.0,16.0
7030100.0,2306.0,3.0
7034685.0,2334.0,13.0
7037961.0,2323.0,11.0
7042505.0,2328.0,5.0
7045818.0,2335.0,14.0
7050533.0,2340.0,5.0
7052439.0,2351.0,17.0
7057270.0,2372.0,13.0
7060532.0,2377.0,16.0
7064930.0,2361.0,18.0
7067107.0,2360.0,9.0
7073107.0,2388.0,8.0
7076437.0,2335.0,15.0
7081997.0,2336.0,10.0
7084134.0,2331.0,10.0
7089592.0,2348.0,11.0
7094538.0,2314.0,9.0
7099095.0,2305.0,10.0
7104565.0,2270.0,7.0
7109834.0,2249.0,6.0
7113990.0,2254.0,3.0
7120215.0,2241.0,15.0
7122437.0,2240.0,14.0
7133125.0,2239.0,5.0
7140656.0,2276.0,16.0
7144038.0,2271.0,20.0
7151157.0,2231.0,6.0
7155654.0,2276.0,6.0
7163102.0,2136.0,7.0
7165859.0,2105.0,17.0
7173483.0,1984.0,12.0
7179555.0,1899.0,11.0
7187783.0,1935.0,16.0
7192872.0,2008.0,8.0
7200873.0,2120.0,8.0
7205908.0,2170.0,9.0
7214075.0,2192.0,12.0
7216899.0,2190.0,13.0
7225058.0,2161.0,20.0
7229946.0,2121.0,7.0
7237802.0,2125.0,18.0
7241420.0,2140.0,12.0
7249754.0,2105.0,4.0
7254744.0,2115.0,13.0
7262496.0,2111.0,11.0
7265769.0,2114.0,8.0
7278985.0,2101.0,16.0
7285939.0,2102.0,8.0
7289875.0,2111.0,8.0
7298369.0,2100.0,10.0
7302603.0,2122.0,17.0
7309083.0,2102.0,7.0
7311842.0,2107.0,3.0
7318610.0,2116.0,4.0
7323218.0,2137.0,19.0
7329935.0,2081.0,12.0
7333290.0,2077.0,8.0
7340222.0,2106.0,10.0
7344626.0,2161.0,18.0
7351346.0,2147.0,7.0
7354099.0,2179.0,8.0
7361073.0,2172.0,14.0
7365222.0,2131.0,17.0
7372698.0,2069.0,16.0
7376601.0,2045.0,15.0
7385810.0,1917.0,9.0
7391746.0,1856.0,3.0
7401065.0,1854.0,24.0
7404609.0,1834.0,24.0
7413299.0,1848.0,21.0
7418741.0,1891.0,13.0
7426447.0,1886.0,27.0
7430622.0,1873.0,7.0
7439591.0,1882.0,9.0
7445231.0,1890.0,9.0
7456710.0,1873.0,12.0
7466199.0,1902.0,4.0
7471770.0,1879.0,3.0
7479402.0,1880.0,13.0
7483369.0,1875.0,8.0
7492629.0,1887.0,13.0
7498142.0,1902.0,18.0
7507064.0,1921.0,16.0
7510363.0,1913.0,14.0
7519739.0,1935.0,19.0
7525659.0,1975.0,13.0
7534891.0,1954.0,3.0
7539347.0,2039.0,18.0
7551146.0,1990.0,17.0
7555868.0,2033.0,15.0
7565662.0,2081.0,20.0
7568507.0,2094.0,14.0
7577855.0,2136.0,22.0
7583624.0,2184.0,23.0
7591357.0,2227.0,15.0
7595619.0,2269.0,14.0
7598782.0,2230.0,7.0
7601083.0,2254.0,18.0
7605161.0,2256.0,23.0
7609399.0,2227.0,12.0
7618645.0,2166.0,8.0
7621660.0,2147.0,11.0
7631018.0,2140.0,19.0
7637706.0,2199.0,2.0
7646769.0,2239.0,21.0
7651818.0,2229.0,9.0
7655866.0,2337.0,31.0
7658515.0,2294.0,27.0
7661885.0,2321.0,14.0
7668089.0,2306.0,9.0
7677472.0,2249.0,16.0
7681173.0,2238.0,5.0
7690614.0,2216.0,4.0
7696514.0,2259.0,9.0
7705991.0,2306.0,21.0
7710207.0,2296.0,18.0
7715193.0,2363.0,16.0
7718127.0,2342.0,16.0
7721753.0,2397.0,19.0
7724746.0,2439.0,11.0
7727380.0,2465.0,22.0
7729956.0,2439.0,21.0
7732498.0,2460.0,24.0
7736845.0,2378.0,15.0
7740441.0,2392.0,10.0
7749588.0,2384.0,23.0
7755380.0,2417.0,9.0
7763323.0,2453.0,4.0
7767827.0,2489.0,6.0
7776818.0,2473.0,20.0
7782328.0,2525.0,7.0
7790580.0,2549.0,5.0
7793675.0,2547.0,11.0
7801889.0,2544.0,24.0
7807194.0,2525.0,9.0
7815628.0,2572.0,6.0
7818867.0,2515.0,7.0
7827285.0,2574.0,7.0
7831985.0,2550.0,11.0
7842618.0,2609.0,25.0
7850341.0,2558.0,7.0
7855191.0,2597.0,2.0
7861896.0,2622.0,26.0
7865633.0,2643.0,14.0
7873555.0,2694.0,13.0
7878036.0,2660.0,7.0
7884792.0,2572.0,15.0
7886919.0,2570.0,27.0
7894940.0,2386.0,8.0
7899530.0,2355.0,30.0
7906394.0,2274.0,8.0
7910569.0,2306.0,18.0
7920308.0,2247.0,37.0
7926173.0,2145.0,25.0
7935194.0,2134.0,16.0
7938528.0,2184.0,19.0
7951225.0,2088.0,17.0
7956873.0,2046.0,20.0
7968526.0,1988.0,21.0
7973788.0,1979.0,14.0
7986813.0,2005.0,22.0
8012361.0,1987.0,17.0
8028721.0,1987.0,10.0
8037093.0,2026.0,10.0
8039253.0,2029.0,21.0
8040099.0,2075.0,9.0
8045227.0,2049.0,16.0
8051324.0,2022.0,7.0
8056689.0,2073.0,22.0
